type,index,content,tag,text,url,title,src,alt
text,0,Download The Town (Season 1) Multi Audio {Hindi-English-Turkish} WeB-DL 480p [130MB] || 720p [240MB] || 1080p [920MB],h2,,,,,
text,1,Download Man Vs Baby (Season 1) Dual Audio {Hindi-English} WeB-DL 480p [100MB] || 720p [170MB] || 1080p [590MB],h2,,,,,
text,2,Download The Running Man (2025) Dual Audio {Hindi-English} WEB-DL 480p [510MB] || 720p [1.2GB] || 1080p [3GB],h2,,,,,
text,3,Download The Price of Confession (Season 1) Multi Audio {Hindi-English-Korean} WeB-DL 480p [190MB] || 720p [330MB] || 1080p [720MB],h2,,,,,
text,4,Download Merv (2025) Dual Audio {Hindi-English} WEB-DL 480p [400MB] || 720p [1GB] || 1080p [2.3GB],h2,,,,,
text,5,Download Blood Coast (Season 1-2) Multi Audio {Hindi-English-French} WeB-DL 720p [330MB] || 1080p [760MB],h2,,,,,
text,6,Download The Accident (Season 1-2) Multi Audio {Hindi-English-Spanish} WeB-DL 720p [290MB] || 1080p [1.1GB],h2,,,,,
text,7,Download Sniper: The Last Stand (2025) Dual Audio {Hindi-English} WEB-DL 480p [390MB] || 720p [1GB] || 1080p [2.2GB],h2,,,,,
text,8,Download Pro Bono (Season 1) Kdrama [S01E01 Added] {Korean With English Subtitles} WeB-DL 720p [550MB] || 1080p [1.6GB],h2,,,,,
text,9,Download Had I Not Seen the Sun (Season 1-2) Dual Audio (Chinese-English) Msubs Web-DL 720p [500MB] || 1080p [1.2GB],h2,,,,,
text,10,Download Surely Tomorrow (Season 1) [S01E01 Added] Kdrama {Korean With Hindi Subtitles} WeB-DL 720p [400MB] || 1080p [1.2GB],h2,,,,,
text,11,Download Typhoon Family (Season 1) Kdrama [S01E16 Added] {Korean With English Subtitles} WeB-DL 720p [550MB] || 1080p [1.6GB],h2,,,,,
text,12,Download The Manipulated (Season 1) [S01E12 Added] Dual Audio {Korean-English} Esubs WeB-DL 720p [300MB] || 1080p [1GB],h2,,,,,
text,13,Download The Dream Life of Mr. Kim (Season 1) Kdrama [S01E12 Added] {Korean With English Subtitles} WeB-DL 720p [500MB] || 1080p [2.5GB],h2,,,,,
text,14,Download Taxi Driver (Season 1-3) [S03E06 Added] Kdrama {Korean With English Subtitles} WeB-DL 720p [350MB] || 1080p [1.5GB],h2,,,,,
text,15,Download Power Book IV: Force (Season 1-3) [S03E05 Added] (English Audio) Web-Dl 720p [450MB] || 1080p [1.1GB],h2,,,,,
text,16,Download Our Golden Days (Season 1) Kdrama [S01E34 Added] {Korean With English Subtitles} WeB-DL 720p [550MB] || 1080p [1.6GB],h2,,,,,
text,17,Download Moon River (Season 1) Kdrama [S01E10 Added] {Korean With English Subtitles} WeB-DL 720p [350MB] || 1080p [1.2GB],h2,,,,,
text,18,Download LOVE.exe (Season 1) Kdrama [S01E16 Added] {Korean With English Subtitles} WeB-DL 720p [350MB] || 1080p [750MB],h2,,,,,
text,19,Download Last Summer (Season 1) Kdrama [S01E10 Added] {Korean With English Subtitles} WeB-DL 720p [550MB] || 1080p [1.6GB],h2,,,,,
text,20,Download Don’t Call Me Ma’am (Season 1) Kdrama [S01E08 Added] {Korean With English Subtitles} WeB-DL 720p [450MB] || 1080p [1.2GB],h2,,,,,
text,21,Download Dear X (Season 1) Kdrama [S01E12 Added] {Korean With English Subtitles} WeB-DL 720p [300MB] || 1080p [1.6GB],h2,,,,,
text,22,Download Tomb Raider: The Legend of Lara Croft (Season 1-2) Dual Audio {Hindi-English} WeB-DL 480p [90MB] || 720p [210MB] || 1080p [1.1GB],h2,,,,,
text,23,Download Rob Peace (2024) Dual Audio {Hindi-English} WEB-DL 480p [450MB] || 720p [1.1GB] || 1080p [2.6GB],h2,,,,,
text,0,"BollywoodAnimeFlixMenuHomeMoviesHollywoodLatest ReleasedIMDB Top MoviesEnglish MoviesDual AudioMulti AudioMoviesMod DubbedFan DubbedQuality480p720p1080p300MB500MB700MB1GBLanguageArabianAsian MoviesHindi MoviesHindiKoreanChineseJapaneseMalayIcelandicUkrainianFinnishGreekIrishGermanSerbianKhmerMexicanPortuguesePersianFilipinoVietnameseNorwegianSwedishDutchTurkishPolishRussianItalianThaiIndonesianFrenchGenreAnimeActionAdult MoviesComedyDramaThrillerAdventureHorrorCrimeRomanceFantasyMysterySci-FiAnimatedFamilyBiographyHistoryDocumentaryMusicSportsWarShortDC ComicsDanceHacking MoviesYear20242024 Series20232023 Series20222022 series20212021 series2020201920182017201620152010 – 20152005 – 20102000 – 20051990 – 20001980 – 19901970 – 19801960 – 19701950 – 19601940 – 19501930 – 1940OTTNetflixAmazon Prime VideoDisney PlusApple TV+Disney+ HotstarHuluCrunchyrollHBOHBO MaxParamount +PeacockBBCCBSFOXNBCABCAMCThe CWSTARZCrackleHISTORY TVMX PlayerPlayflixYouTube PremiumWeb SeriesAdventure SeriesDrama SeriesComedy SeriesFantasy SeriesCrime SeriesMystery SeriesRomance SeriesThriller SeriesHorror SeriesSci-Fi SeriesAnimated Web SeriesAnimation Web SeriesHistory SeriesBiography SeriesWestern Drama SeriesSpanish SeriesWar SeriesFrench Web SeriesItalian SeriesMexicanTV SeriesMedical Drama SeriesTeen Drama SeriesDocumentary SeriesMusical SeriesSitcom SeriesReality-TVMusic ShowPC GamesJoin TelegramEnglish MoviesDual AudioOn Going SeriesAnimeK-Drama SeriesWeB SeriesHindi Series4k Movies×We have Changed our Official Domain toMoviesModBookmarks Now.Download The Town (Season 1) Multi Audio {Hindi-English-Turkish} WeB-DL 480p [130MB] || 720p [240MB] || 1080p [920MB]Download Man Vs Baby (Season 1) Dual Audio {Hindi-English} WeB-DL 480p [100MB] || 720p [170MB] || 1080p [590MB]Download The Running Man (2025) Dual Audio {Hindi-English} WEB-DL 480p [510MB] || 720p [1.2GB] || 1080p [3GB]Download The Price of Confession (Season 1) Multi Audio {Hindi-English-Korean} WeB-DL 480p [190MB] || 720p [330MB] || 1080p [720MB]Download Merv (2025) Dual Audio {Hindi-English} WEB-DL 480p [400MB] || 720p [1GB] || 1080p [2.3GB]Download Blood Coast (Season 1-2) Multi Audio {Hindi-English-French} WeB-DL 720p [330MB] || 1080p [760MB]Download The Accident (Season 1-2) Multi Audio {Hindi-English-Spanish} WeB-DL 720p [290MB] || 1080p [1.1GB]Download Sniper: The Last Stand (2025) Dual Audio {Hindi-English} WEB-DL 480p [390MB] || 720p [1GB] || 1080p [2.2GB]Download Pro Bono (Season 1) Kdrama [S01E01 Added] {Korean With English Subtitles} WeB-DL 720p [550MB] || 1080p [1.6GB]Download Had I Not Seen the Sun (Season 1-2) Dual Audio (Chinese-English) Msubs Web-DL 720p [500MB] || 1080p [1.2GB]Download Surely Tomorrow (Season 1) [S01E01 Added] Kdrama {Korean With Hindi Subtitles} WeB-DL 720p [400MB] || 1080p [1.2GB]Download Typhoon Family (Season 1) Kdrama [S01E16 Added] {Korean With English Subtitles} WeB-DL 720p [550MB] || 1080p [1.6GB]Download The Manipulated (Season 1) [S01E12 Added] Dual Audio {Korean-English} Esubs WeB-DL 720p [300MB] || 1080p [1GB]Download The Dream Life of Mr. Kim (Season 1) Kdrama [S01E12 Added] {Korean With English Subtitles} WeB-DL 720p [500MB] || 1080p [2.5GB]Download Taxi Driver (Season 1-3) [S03E06 Added] Kdrama {Korean With English Subtitles} WeB-DL 720p [350MB] || 1080p [1.5GB]Download Power Book IV: Force (Season 1-3) [S03E05 Added] (English Audio) Web-Dl 720p [450MB] || 1080p [1.1GB]Download Our Golden Days (Season 1) Kdrama [S01E34 Added] {Korean With English Subtitles} WeB-DL 720p [550MB] || 1080p [1.6GB]Download Moon River (Season 1) Kdrama [S01E10 Added] {Korean With English Subtitles} WeB-DL 720p [350MB] || 1080p [1.2GB]Download LOVE.exe (Season 1) Kdrama [S01E16 Added] {Korean With English Subtitles} WeB-DL 720p [350MB] || 1080p [750MB]Download Last Summer (Season 1) Kdrama [S01E10 Added] {Korean With English Subtitles} WeB-DL 720p [550MB] || 1080p [1.6GB]Download Don’t Call Me Ma’am (Season 1) Kdrama [S01E08 Added] {Korean With English Subtitles} WeB-DL 720p [450MB] || 1080p [1.2GB]Download Dear X (Season 1) Kdrama [S01E12 Added] {Korean With English Subtitles} WeB-DL 720p [300MB] || 1080p [1.6GB]Download Tomb Raider: The Legend of Lara Croft (Season 1-2) Dual Audio {Hindi-English} WeB-DL 480p [90MB] || 720p [210MB] || 1080p [1.1GB]Download Rob Peace (2024) Dual Audio {Hindi-English} WEB-DL 480p [450MB] || 720p [1.1GB] || 1080p [2.6GB]Posts pagination123456…1,004Next",div,,,,,
text,1,BollywoodAnimeFlixMenuHomeMoviesHollywoodLatest ReleasedIMDB Top MoviesEnglish MoviesDual AudioMulti AudioMoviesMod DubbedFan DubbedQuality480p720p1080p300MB500MB700MB1GBLanguageArabianAsian MoviesHindi MoviesHindiKoreanChineseJapaneseMalayIcelandicUkrainianFinnishGreekIrishGermanSerbianKhmerMexicanPortuguesePersianFilipinoVietnameseNorwegianSwedishDutchTurkishPolishRussianItalianThaiIndonesianFrenchGenreAnimeActionAdult MoviesComedyDramaThrillerAdventureHorrorCrimeRomanceFantasyMysterySci-FiAnimatedFamilyBiographyHistoryDocumentaryMusicSportsWarShortDC ComicsDanceHacking MoviesYear20242024 Series20232023 Series20222022 series20212021 series2020201920182017201620152010 – 20152005 – 20102000 – 20051990 – 20001980 – 19901970 – 19801960 – 19701950 – 19601940 – 19501930 – 1940OTTNetflixAmazon Prime VideoDisney PlusApple TV+Disney+ HotstarHuluCrunchyrollHBOHBO MaxParamount +PeacockBBCCBSFOXNBCABCAMCThe CWSTARZCrackleHISTORY TVMX PlayerPlayflixYouTube PremiumWeb SeriesAdventure SeriesDrama SeriesComedy SeriesFantasy SeriesCrime SeriesMystery SeriesRomance SeriesThriller SeriesHorror SeriesSci-Fi SeriesAnimated Web SeriesAnimation Web SeriesHistory SeriesBiography SeriesWestern Drama SeriesSpanish SeriesWar SeriesFrench Web SeriesItalian SeriesMexicanTV SeriesMedical Drama SeriesTeen Drama SeriesDocumentary SeriesMusical SeriesSitcom SeriesReality-TVMusic ShowPC Games,div,,,,,
text,2,BollywoodAnimeFlixMenuHomeMoviesHollywoodLatest ReleasedIMDB Top MoviesEnglish MoviesDual AudioMulti AudioMoviesMod DubbedFan DubbedQuality480p720p1080p300MB500MB700MB1GBLanguageArabianAsian MoviesHindi MoviesHindiKoreanChineseJapaneseMalayIcelandicUkrainianFinnishGreekIrishGermanSerbianKhmerMexicanPortuguesePersianFilipinoVietnameseNorwegianSwedishDutchTurkishPolishRussianItalianThaiIndonesianFrenchGenreAnimeActionAdult MoviesComedyDramaThrillerAdventureHorrorCrimeRomanceFantasyMysterySci-FiAnimatedFamilyBiographyHistoryDocumentaryMusicSportsWarShortDC ComicsDanceHacking MoviesYear20242024 Series20232023 Series20222022 series20212021 series2020201920182017201620152010 – 20152005 – 20102000 – 20051990 – 20001980 – 19901970 – 19801960 – 19701950 – 19601940 – 19501930 – 1940OTTNetflixAmazon Prime VideoDisney PlusApple TV+Disney+ HotstarHuluCrunchyrollHBOHBO MaxParamount +PeacockBBCCBSFOXNBCABCAMCThe CWSTARZCrackleHISTORY TVMX PlayerPlayflixYouTube PremiumWeb SeriesAdventure SeriesDrama SeriesComedy SeriesFantasy SeriesCrime SeriesMystery SeriesRomance SeriesThriller SeriesHorror SeriesSci-Fi SeriesAnimated Web SeriesAnimation Web SeriesHistory SeriesBiography SeriesWestern Drama SeriesSpanish SeriesWar SeriesFrench Web SeriesItalian SeriesMexicanTV SeriesMedical Drama SeriesTeen Drama SeriesDocumentary SeriesMusical SeriesSitcom SeriesReality-TVMusic ShowPC Games,div,,,,,
text,6,MenuHomeMoviesHollywoodLatest ReleasedIMDB Top MoviesEnglish MoviesDual AudioMulti AudioMoviesMod DubbedFan DubbedQuality480p720p1080p300MB500MB700MB1GBLanguageArabianAsian MoviesHindi MoviesHindiKoreanChineseJapaneseMalayIcelandicUkrainianFinnishGreekIrishGermanSerbianKhmerMexicanPortuguesePersianFilipinoVietnameseNorwegianSwedishDutchTurkishPolishRussianItalianThaiIndonesianFrenchGenreAnimeActionAdult MoviesComedyDramaThrillerAdventureHorrorCrimeRomanceFantasyMysterySci-FiAnimatedFamilyBiographyHistoryDocumentaryMusicSportsWarShortDC ComicsDanceHacking MoviesYear20242024 Series20232023 Series20222022 series20212021 series2020201920182017201620152010 – 20152005 – 20102000 – 20051990 – 20001980 – 19901970 – 19801960 – 19701950 – 19601940 – 19501930 – 1940OTTNetflixAmazon Prime VideoDisney PlusApple TV+Disney+ HotstarHuluCrunchyrollHBOHBO MaxParamount +PeacockBBCCBSFOXNBCABCAMCThe CWSTARZCrackleHISTORY TVMX PlayerPlayflixYouTube PremiumWeb SeriesAdventure SeriesDrama SeriesComedy SeriesFantasy SeriesCrime SeriesMystery SeriesRomance SeriesThriller SeriesHorror SeriesSci-Fi SeriesAnimated Web SeriesAnimation Web SeriesHistory SeriesBiography SeriesWestern Drama SeriesSpanish SeriesWar SeriesFrench Web SeriesItalian SeriesMexicanTV SeriesMedical Drama SeriesTeen Drama SeriesDocumentary SeriesMusical SeriesSitcom SeriesReality-TVMusic ShowPC Games,div,,,,,
text,8,"Join TelegramEnglish MoviesDual AudioOn Going SeriesAnimeK-Drama SeriesWeB SeriesHindi Series4k Movies×We have Changed our Official Domain toMoviesModBookmarks Now.Download The Town (Season 1) Multi Audio {Hindi-English-Turkish} WeB-DL 480p [130MB] || 720p [240MB] || 1080p [920MB]Download Man Vs Baby (Season 1) Dual Audio {Hindi-English} WeB-DL 480p [100MB] || 720p [170MB] || 1080p [590MB]Download The Running Man (2025) Dual Audio {Hindi-English} WEB-DL 480p [510MB] || 720p [1.2GB] || 1080p [3GB]Download The Price of Confession (Season 1) Multi Audio {Hindi-English-Korean} WeB-DL 480p [190MB] || 720p [330MB] || 1080p [720MB]Download Merv (2025) Dual Audio {Hindi-English} WEB-DL 480p [400MB] || 720p [1GB] || 1080p [2.3GB]Download Blood Coast (Season 1-2) Multi Audio {Hindi-English-French} WeB-DL 720p [330MB] || 1080p [760MB]Download The Accident (Season 1-2) Multi Audio {Hindi-English-Spanish} WeB-DL 720p [290MB] || 1080p [1.1GB]Download Sniper: The Last Stand (2025) Dual Audio {Hindi-English} WEB-DL 480p [390MB] || 720p [1GB] || 1080p [2.2GB]Download Pro Bono (Season 1) Kdrama [S01E01 Added] {Korean With English Subtitles} WeB-DL 720p [550MB] || 1080p [1.6GB]Download Had I Not Seen the Sun (Season 1-2) Dual Audio (Chinese-English) Msubs Web-DL 720p [500MB] || 1080p [1.2GB]Download Surely Tomorrow (Season 1) [S01E01 Added] Kdrama {Korean With Hindi Subtitles} WeB-DL 720p [400MB] || 1080p [1.2GB]Download Typhoon Family (Season 1) Kdrama [S01E16 Added] {Korean With English Subtitles} WeB-DL 720p [550MB] || 1080p [1.6GB]Download The Manipulated (Season 1) [S01E12 Added] Dual Audio {Korean-English} Esubs WeB-DL 720p [300MB] || 1080p [1GB]Download The Dream Life of Mr. Kim (Season 1) Kdrama [S01E12 Added] {Korean With English Subtitles} WeB-DL 720p [500MB] || 1080p [2.5GB]Download Taxi Driver (Season 1-3) [S03E06 Added] Kdrama {Korean With English Subtitles} WeB-DL 720p [350MB] || 1080p [1.5GB]Download Power Book IV: Force (Season 1-3) [S03E05 Added] (English Audio) Web-Dl 720p [450MB] || 1080p [1.1GB]Download Our Golden Days (Season 1) Kdrama [S01E34 Added] {Korean With English Subtitles} WeB-DL 720p [550MB] || 1080p [1.6GB]Download Moon River (Season 1) Kdrama [S01E10 Added] {Korean With English Subtitles} WeB-DL 720p [350MB] || 1080p [1.2GB]Download LOVE.exe (Season 1) Kdrama [S01E16 Added] {Korean With English Subtitles} WeB-DL 720p [350MB] || 1080p [750MB]Download Last Summer (Season 1) Kdrama [S01E10 Added] {Korean With English Subtitles} WeB-DL 720p [550MB] || 1080p [1.6GB]Download Don’t Call Me Ma’am (Season 1) Kdrama [S01E08 Added] {Korean With English Subtitles} WeB-DL 720p [450MB] || 1080p [1.2GB]Download Dear X (Season 1) Kdrama [S01E12 Added] {Korean With English Subtitles} WeB-DL 720p [300MB] || 1080p [1.6GB]Download Tomb Raider: The Legend of Lara Croft (Season 1-2) Dual Audio {Hindi-English} WeB-DL 480p [90MB] || 720p [210MB] || 1080p [1.1GB]Download Rob Peace (2024) Dual Audio {Hindi-English} WEB-DL 480p [450MB] || 720p [1.1GB] || 1080p [2.6GB]Posts pagination123456…1,004Next",div,,,,,
text,11,"Download The Town (Season 1) Multi Audio {Hindi-English-Turkish} WeB-DL 480p [130MB] || 720p [240MB] || 1080p [920MB]Download Man Vs Baby (Season 1) Dual Audio {Hindi-English} WeB-DL 480p [100MB] || 720p [170MB] || 1080p [590MB]Download The Running Man (2025) Dual Audio {Hindi-English} WEB-DL 480p [510MB] || 720p [1.2GB] || 1080p [3GB]Download The Price of Confession (Season 1) Multi Audio {Hindi-English-Korean} WeB-DL 480p [190MB] || 720p [330MB] || 1080p [720MB]Download Merv (2025) Dual Audio {Hindi-English} WEB-DL 480p [400MB] || 720p [1GB] || 1080p [2.3GB]Download Blood Coast (Season 1-2) Multi Audio {Hindi-English-French} WeB-DL 720p [330MB] || 1080p [760MB]Download The Accident (Season 1-2) Multi Audio {Hindi-English-Spanish} WeB-DL 720p [290MB] || 1080p [1.1GB]Download Sniper: The Last Stand (2025) Dual Audio {Hindi-English} WEB-DL 480p [390MB] || 720p [1GB] || 1080p [2.2GB]Download Pro Bono (Season 1) Kdrama [S01E01 Added] {Korean With English Subtitles} WeB-DL 720p [550MB] || 1080p [1.6GB]Download Had I Not Seen the Sun (Season 1-2) Dual Audio (Chinese-English) Msubs Web-DL 720p [500MB] || 1080p [1.2GB]Download Surely Tomorrow (Season 1) [S01E01 Added] Kdrama {Korean With Hindi Subtitles} WeB-DL 720p [400MB] || 1080p [1.2GB]Download Typhoon Family (Season 1) Kdrama [S01E16 Added] {Korean With English Subtitles} WeB-DL 720p [550MB] || 1080p [1.6GB]Download The Manipulated (Season 1) [S01E12 Added] Dual Audio {Korean-English} Esubs WeB-DL 720p [300MB] || 1080p [1GB]Download The Dream Life of Mr. Kim (Season 1) Kdrama [S01E12 Added] {Korean With English Subtitles} WeB-DL 720p [500MB] || 1080p [2.5GB]Download Taxi Driver (Season 1-3) [S03E06 Added] Kdrama {Korean With English Subtitles} WeB-DL 720p [350MB] || 1080p [1.5GB]Download Power Book IV: Force (Season 1-3) [S03E05 Added] (English Audio) Web-Dl 720p [450MB] || 1080p [1.1GB]Download Our Golden Days (Season 1) Kdrama [S01E34 Added] {Korean With English Subtitles} WeB-DL 720p [550MB] || 1080p [1.6GB]Download Moon River (Season 1) Kdrama [S01E10 Added] {Korean With English Subtitles} WeB-DL 720p [350MB] || 1080p [1.2GB]Download LOVE.exe (Season 1) Kdrama [S01E16 Added] {Korean With English Subtitles} WeB-DL 720p [350MB] || 1080p [750MB]Download Last Summer (Season 1) Kdrama [S01E10 Added] {Korean With English Subtitles} WeB-DL 720p [550MB] || 1080p [1.6GB]Download Don’t Call Me Ma’am (Season 1) Kdrama [S01E08 Added] {Korean With English Subtitles} WeB-DL 720p [450MB] || 1080p [1.2GB]Download Dear X (Season 1) Kdrama [S01E12 Added] {Korean With English Subtitles} WeB-DL 720p [300MB] || 1080p [1.6GB]Download Tomb Raider: The Legend of Lara Croft (Season 1-2) Dual Audio {Hindi-English} WeB-DL 480p [90MB] || 720p [210MB] || 1080p [1.1GB]Download Rob Peace (2024) Dual Audio {Hindi-English} WEB-DL 480p [450MB] || 720p [1.1GB] || 1080p [2.6GB]Posts pagination123456…1,004Next",div,,,,,
text,12,Download The Town (Season 1) Multi Audio {Hindi-English-Turkish} WeB-DL 480p [130MB] || 720p [240MB] || 1080p [920MB]Download Man Vs Baby (Season 1) Dual Audio {Hindi-English} WeB-DL 480p [100MB] || 720p [170MB] || 1080p [590MB]Download The Running Man (2025) Dual Audio {Hindi-English} WEB-DL 480p [510MB] || 720p [1.2GB] || 1080p [3GB]Download The Price of Confession (Season 1) Multi Audio {Hindi-English-Korean} WeB-DL 480p [190MB] || 720p [330MB] || 1080p [720MB]Download Merv (2025) Dual Audio {Hindi-English} WEB-DL 480p [400MB] || 720p [1GB] || 1080p [2.3GB]Download Blood Coast (Season 1-2) Multi Audio {Hindi-English-French} WeB-DL 720p [330MB] || 1080p [760MB]Download The Accident (Season 1-2) Multi Audio {Hindi-English-Spanish} WeB-DL 720p [290MB] || 1080p [1.1GB]Download Sniper: The Last Stand (2025) Dual Audio {Hindi-English} WEB-DL 480p [390MB] || 720p [1GB] || 1080p [2.2GB]Download Pro Bono (Season 1) Kdrama [S01E01 Added] {Korean With English Subtitles} WeB-DL 720p [550MB] || 1080p [1.6GB]Download Had I Not Seen the Sun (Season 1-2) Dual Audio (Chinese-English) Msubs Web-DL 720p [500MB] || 1080p [1.2GB]Download Surely Tomorrow (Season 1) [S01E01 Added] Kdrama {Korean With Hindi Subtitles} WeB-DL 720p [400MB] || 1080p [1.2GB]Download Typhoon Family (Season 1) Kdrama [S01E16 Added] {Korean With English Subtitles} WeB-DL 720p [550MB] || 1080p [1.6GB]Download The Manipulated (Season 1) [S01E12 Added] Dual Audio {Korean-English} Esubs WeB-DL 720p [300MB] || 1080p [1GB]Download The Dream Life of Mr. Kim (Season 1) Kdrama [S01E12 Added] {Korean With English Subtitles} WeB-DL 720p [500MB] || 1080p [2.5GB]Download Taxi Driver (Season 1-3) [S03E06 Added] Kdrama {Korean With English Subtitles} WeB-DL 720p [350MB] || 1080p [1.5GB]Download Power Book IV: Force (Season 1-3) [S03E05 Added] (English Audio) Web-Dl 720p [450MB] || 1080p [1.1GB]Download Our Golden Days (Season 1) Kdrama [S01E34 Added] {Korean With English Subtitles} WeB-DL 720p [550MB] || 1080p [1.6GB]Download Moon River (Season 1) Kdrama [S01E10 Added] {Korean With English Subtitles} WeB-DL 720p [350MB] || 1080p [1.2GB]Download LOVE.exe (Season 1) Kdrama [S01E16 Added] {Korean With English Subtitles} WeB-DL 720p [350MB] || 1080p [750MB]Download Last Summer (Season 1) Kdrama [S01E10 Added] {Korean With English Subtitles} WeB-DL 720p [550MB] || 1080p [1.6GB]Download Don’t Call Me Ma’am (Season 1) Kdrama [S01E08 Added] {Korean With English Subtitles} WeB-DL 720p [450MB] || 1080p [1.2GB]Download Dear X (Season 1) Kdrama [S01E12 Added] {Korean With English Subtitles} WeB-DL 720p [300MB] || 1080p [1.6GB]Download Tomb Raider: The Legend of Lara Croft (Season 1-2) Dual Audio {Hindi-English} WeB-DL 480p [90MB] || 720p [210MB] || 1080p [1.1GB]Download Rob Peace (2024) Dual Audio {Hindi-English} WEB-DL 480p [450MB] || 720p [1.1GB] || 1080p [2.6GB],div,,,,,
link,16,,,720p,https://moviesmod.cards/quality/720p/,,,
link,170,,,,https://moviesmod.cards/download-the-town-hindi-480p-720p-1080p/,Download The Town (Season 1) Multi Audio {Hindi-English-Turkish} WeB-DL 480p [130MB] || 720p [240MB] || 1080p [920MB],,
link,171,,,Download The Town (Season 1) Multi Audio {Hindi-English-Turkish} WeB-DL 480p [130MB] || 720p [240MB] || 1080p [920MB],https://moviesmod.cards/download-the-town-hindi-480p-720p-1080p/,,,
link,172,,,,https://moviesmod.cards/download-man-vs-baby-hindi-480p-720p-1080p/,Download Man Vs Baby (Season 1) Dual Audio {Hindi-English} WeB-DL 480p [100MB] || 720p [170MB] || 1080p [590MB],,
link,173,,,Download Man Vs Baby (Season 1) Dual Audio {Hindi-English} WeB-DL 480p [100MB] || 720p [170MB] || 1080p [590MB],https://moviesmod.cards/download-man-vs-baby-hindi-480p-720p-1080p/,,,
link,174,,,,https://moviesmod.cards/download-the-running-man-2025-hindi-english-480p-720p-1080p/,Download The Running Man (2025) Dual Audio {Hindi-English} WEB-DL 480p [510MB] || 720p [1.2GB] || 1080p [3GB],,
link,175,,,Download The Running Man (2025) Dual Audio {Hindi-English} WEB-DL 480p [510MB] || 720p [1.2GB] || 1080p [3GB],https://moviesmod.cards/download-the-running-man-2025-hindi-english-480p-720p-1080p/,,,
link,176,,,,https://moviesmod.cards/download-the-price-of-confession-season-1-hindi-480p-720p-1080p/,Download The Price of Confession (Season 1) Multi Audio {Hindi-English-Korean} WeB-DL 480p [190MB] || 720p [330MB] || 1080p [720MB],,
link,177,,,Download The Price of Confession (Season 1) Multi Audio {Hindi-English-Korean} WeB-DL 480p [190MB] || 720p [330MB] || 1080p [720MB],https://moviesmod.cards/download-the-price-of-confession-season-1-hindi-480p-720p-1080p/,,,
link,178,,,,https://moviesmod.cards/download-merv-2025-hindi-english-480p-720p-1080p/,Download Merv (2025) Dual Audio {Hindi-English} WEB-DL 480p [400MB] || 720p [1GB] || 1080p [2.3GB],,
link,179,,,Download Merv (2025) Dual Audio {Hindi-English} WEB-DL 480p [400MB] || 720p [1GB] || 1080p [2.3GB],https://moviesmod.cards/download-merv-2025-hindi-english-480p-720p-1080p/,,,
link,180,,,,https://moviesmod.cards/download-blood-coast-hindi-720p-1080p/,Download Blood Coast (Season 1-2) Multi Audio {Hindi-English-French} WeB-DL 720p [330MB] || 1080p [760MB],,
link,181,,,Download Blood Coast (Season 1-2) Multi Audio {Hindi-English-French} WeB-DL 720p [330MB] || 1080p [760MB],https://moviesmod.cards/download-blood-coast-hindi-720p-1080p/,,,
link,182,,,,https://moviesmod.cards/download-the-accident-hindi-720p-1080p/,Download The Accident (Season 1-2) Multi Audio {Hindi-English-Spanish} WeB-DL 720p [290MB] || 1080p [1.1GB],,
link,183,,,Download The Accident (Season 1-2) Multi Audio {Hindi-English-Spanish} WeB-DL 720p [290MB] || 1080p [1.1GB],https://moviesmod.cards/download-the-accident-hindi-720p-1080p/,,,
link,184,,,,https://moviesmod.cards/download-sniper-the-last-stand-2025-hindi-english-480p-720p-1080p/,Download Sniper: The Last Stand (2025) Dual Audio {Hindi-English} WEB-DL 480p [390MB] || 720p [1GB] || 1080p [2.2GB],,
link,185,,,Download Sniper: The Last Stand (2025) Dual Audio {Hindi-English} WEB-DL 480p [390MB] || 720p [1GB] || 1080p [2.2GB],https://moviesmod.cards/download-sniper-the-last-stand-2025-hindi-english-480p-720p-1080p/,,,
link,186,,,,https://moviesmod.cards/download-pro-bono-season-1-korean-720p-1080p/,Download Pro Bono (Season 1) Kdrama [S01E01 Added] {Korean With English Subtitles} WeB-DL 720p [550MB] || 1080p [1.6GB],,
link,187,,,Download Pro Bono (Season 1) Kdrama [S01E01 Added] {Korean With English Subtitles} WeB-DL 720p [550MB] || 1080p [1.6GB],https://moviesmod.cards/download-pro-bono-season-1-korean-720p-1080p/,,,
link,188,,,,https://moviesmod.cards/download-had-i-not-seen-the-sun-english-720p-1080p/,Download Had I Not Seen the Sun (Season 1-2) Dual Audio (Chinese-English) Msubs Web-DL 720p [500MB] || 1080p [1.2GB],,
link,189,,,Download Had I Not Seen the Sun (Season 1-2) Dual Audio (Chinese-English) Msubs Web-DL 720p [500MB] || 1080p [1.2GB],https://moviesmod.cards/download-had-i-not-seen-the-sun-english-720p-1080p/,,,
link,190,,,,https://moviesmod.cards/download-surely-tomorrow-season-1-korean-720p-1080p/,Download Surely Tomorrow (Season 1) [S01E01 Added] Kdrama {Korean With Hindi Subtitles} WeB-DL 720p [400MB] || 1080p [1.2GB],,
link,191,,,Download Surely Tomorrow (Season 1) [S01E01 Added] Kdrama {Korean With Hindi Subtitles} WeB-DL 720p [400MB] || 1080p [1.2GB],https://moviesmod.cards/download-surely-tomorrow-season-1-korean-720p-1080p/,,,
link,192,,,,https://moviesmod.cards/download-typhoon-family-season-1-korean-720p-1080p/,Download Typhoon Family (Season 1) Kdrama [S01E16 Added] {Korean With English Subtitles} WeB-DL 720p [550MB] || 1080p [1.6GB],,
link,193,,,Download Typhoon Family (Season 1) Kdrama [S01E16 Added] {Korean With English Subtitles} WeB-DL 720p [550MB] || 1080p [1.6GB],https://moviesmod.cards/download-typhoon-family-season-1-korean-720p-1080p/,,,
link,194,,,,https://moviesmod.cards/download-the-manipulated-season-1-korean-english-720p-1080p/,Download The Manipulated (Season 1) [S01E12 Added] Dual Audio {Korean-English} Esubs WeB-DL 720p [300MB] || 1080p [1GB],,
link,195,,,Download The Manipulated (Season 1) [S01E12 Added] Dual Audio {Korean-English} Esubs WeB-DL 720p [300MB] || 1080p [1GB],https://moviesmod.cards/download-the-manipulated-season-1-korean-english-720p-1080p/,,,
link,196,,,,https://moviesmod.cards/download-the-dream-life-of-mr-kim-season-1-korean-720p-1080p/,Download The Dream Life of Mr. Kim (Season 1) Kdrama [S01E12 Added] {Korean With English Subtitles} WeB-DL 720p [500MB] || 1080p [2.5GB],,
link,197,,,Download The Dream Life of Mr. Kim (Season 1) Kdrama [S01E12 Added] {Korean With English Subtitles} WeB-DL 720p [500MB] || 1080p [2.5GB],https://moviesmod.cards/download-the-dream-life-of-mr-kim-season-1-korean-720p-1080p/,,,
link,198,,,,https://moviesmod.cards/download-taxi-driver-season-1-3-korean-720p-1080p/,Download Taxi Driver (Season 1-3) [S03E06 Added] Kdrama {Korean With English Subtitles} WeB-DL 720p [350MB] || 1080p [1.5GB],,
link,199,,,Download Taxi Driver (Season 1-3) [S03E06 Added] Kdrama {Korean With English Subtitles} WeB-DL 720p [350MB] || 1080p [1.5GB],https://moviesmod.cards/download-taxi-driver-season-1-3-korean-720p-1080p/,,,
link,200,,,,https://moviesmod.cards/download-power-book-iv-force-season-1-3-english-720p-1080p/,Download Power Book IV: Force (Season 1-3) [S03E05 Added] (English Audio) Web-Dl 720p [450MB] || 1080p [1.1GB],,
link,201,,,Download Power Book IV: Force (Season 1-3) [S03E05 Added] (English Audio) Web-Dl 720p [450MB] || 1080p [1.1GB],https://moviesmod.cards/download-power-book-iv-force-season-1-3-english-720p-1080p/,,,
link,202,,,,https://moviesmod.cards/download-our-golden-days-season-1-korean-720p-1080p/,Download Our Golden Days (Season 1) Kdrama [S01E34 Added] {Korean With English Subtitles} WeB-DL 720p [550MB] || 1080p [1.6GB],,
link,203,,,Download Our Golden Days (Season 1) Kdrama [S01E34 Added] {Korean With English Subtitles} WeB-DL 720p [550MB] || 1080p [1.6GB],https://moviesmod.cards/download-our-golden-days-season-1-korean-720p-1080p/,,,
link,204,,,,https://moviesmod.cards/download-moon-river-season-1-korean-720p-1080p/,Download Moon River (Season 1) Kdrama [S01E10 Added] {Korean With English Subtitles} WeB-DL 720p [350MB] || 1080p [1.2GB],,
link,205,,,Download Moon River (Season 1) Kdrama [S01E10 Added] {Korean With English Subtitles} WeB-DL 720p [350MB] || 1080p [1.2GB],https://moviesmod.cards/download-moon-river-season-1-korean-720p-1080p/,,,
link,206,,,,https://moviesmod.cards/download-love-exe-season-1-korean-720p-1080p/,Download LOVE.exe (Season 1) Kdrama [S01E16 Added] {Korean With English Subtitles} WeB-DL 720p [350MB] || 1080p [750MB],,
link,207,,,Download LOVE.exe (Season 1) Kdrama [S01E16 Added] {Korean With English Subtitles} WeB-DL 720p [350MB] || 1080p [750MB],https://moviesmod.cards/download-love-exe-season-1-korean-720p-1080p/,,,
link,208,,,,https://moviesmod.cards/download-last-summer-season-1-korean-720p-1080p/,Download Last Summer (Season 1) Kdrama [S01E10 Added] {Korean With English Subtitles} WeB-DL 720p [550MB] || 1080p [1.6GB],,
link,209,,,Download Last Summer (Season 1) Kdrama [S01E10 Added] {Korean With English Subtitles} WeB-DL 720p [550MB] || 1080p [1.6GB],https://moviesmod.cards/download-last-summer-season-1-korean-720p-1080p/,,,
link,210,,,,https://moviesmod.cards/download-dont-call-me-mama-season-1-korean-720p-1080p/,Download Don’t Call Me Ma’am (Season 1) Kdrama [S01E08 Added] {Korean With English Subtitles} WeB-DL 720p [450MB] || 1080p [1.2GB],,
link,211,,,Download Don’t Call Me Ma’am (Season 1) Kdrama [S01E08 Added] {Korean With English Subtitles} WeB-DL 720p [450MB] || 1080p [1.2GB],https://moviesmod.cards/download-dont-call-me-mama-season-1-korean-720p-1080p/,,,
link,212,,,,https://moviesmod.cards/download-dear-x-season-1-korean-720p-1080p/,Download Dear X (Season 1) Kdrama [S01E12 Added] {Korean With English Subtitles} WeB-DL 720p [300MB] || 1080p [1.6GB],,
link,213,,,Download Dear X (Season 1) Kdrama [S01E12 Added] {Korean With English Subtitles} WeB-DL 720p [300MB] || 1080p [1.6GB],https://moviesmod.cards/download-dear-x-season-1-korean-720p-1080p/,,,
link,214,,,,https://moviesmod.cards/download-tomb-raider-the-legend-of-lara-croft-season-1-hindi-480p-720p-1080p/,Download Tomb Raider: The Legend of Lara Croft (Season 1-2) Dual Audio {Hindi-English} WeB-DL 480p [90MB] || 720p [210MB] || 1080p [1.1GB],,
link,215,,,Download Tomb Raider: The Legend of Lara Croft (Season 1-2) Dual Audio {Hindi-English} WeB-DL 480p [90MB] || 720p [210MB] || 1080p [1.1GB],https://moviesmod.cards/download-tomb-raider-the-legend-of-lara-croft-season-1-hindi-480p-720p-1080p/,,,
link,216,,,,https://moviesmod.cards/download-rob-peace-2024-hindi-english-480p-720p-1080p/,Download Rob Peace (2024) Dual Audio {Hindi-English} WEB-DL 480p [450MB] || 720p [1.1GB] || 1080p [2.6GB],,
link,217,,,Download Rob Peace (2024) Dual Audio {Hindi-English} WEB-DL 480p [450MB] || 720p [1.1GB] || 1080p [2.6GB],https://moviesmod.cards/download-rob-peace-2024-hindi-english-480p-720p-1080p/,,,
image,1,,,,,Download The Town (Season 1) Multi Audio {Hindi-English-Turkish} WeB-DL 480p [130MB] || 720p [240MB] || 1080p [920MB],https://moviesmod.cards/wp-content/uploads/2025/12/Download-The-Town-MoviesMod.jpg,Download The Town (Season 1) Multi Audio {Hindi-English-Turkish} WeB-DL 480p [130MB] || 720p [240MB] || 1080p [920MB]
image,2,,,,,Download Man Vs Baby (Season 1) Dual Audio {Hindi-English} WeB-DL 480p [100MB] || 720p [170MB] || 1080p [590MB],https://moviesmod.cards/wp-content/uploads/2025/12/Download-Man-Vs-Baby-MoviesMod.jpg,Download Man Vs Baby (Season 1) Dual Audio {Hindi-English} WeB-DL 480p [100MB] || 720p [170MB] || 1080p [590MB]
image,3,,,,,Download The Running Man (2025) Dual Audio {Hindi-English} WEB-DL 480p [510MB] || 720p [1.2GB] || 1080p [3GB],https://moviesmod.cards/wp-content/uploads/2025/12/The-Running-Man-2025-MoviesMod.cards_.jpg,Download The Running Man (2025) Dual Audio {Hindi-English} WEB-DL 480p [510MB] || 720p [1.2GB] || 1080p [3GB]
image,4,,,,,Download The Price of Confession (Season 1) Multi Audio {Hindi-English-Korean} WeB-DL 480p [190MB] || 720p [330MB] || 1080p [720MB],https://moviesmod.cards/wp-content/uploads/2025/12/Download-The-Price-of-Confession-MoviesMod.jpg,Download The Price of Confession (Season 1) Multi Audio {Hindi-English-Korean} WeB-DL 480p [190MB] || 720p [330MB] || 1080p [720MB]
image,5,,,,,Download Merv (2025) Dual Audio {Hindi-English} WEB-DL 480p [400MB] || 720p [1GB] || 1080p [2.3GB],https://moviesmod.cards/wp-content/uploads/2025/12/Merv-2025-MoviesMod.kids_.jpg,Download Merv (2025) Dual Audio {Hindi-English} WEB-DL 480p [400MB] || 720p [1GB] || 1080p [2.3GB]
image,6,,,,,Download Blood Coast (Season 1-2) Multi Audio {Hindi-English-French} WeB-DL 720p [330MB] || 1080p [760MB],https://moviesmod.cards/wp-content/uploads/2023/12/Download-Blood-Coast-S01-Hindi-Dubbed-720p-1080p.jpg,Download Blood Coast (Season 1-2) Multi Audio {Hindi-English-French} WeB-DL 720p [330MB] || 1080p [760MB]
image,7,,,,,Download The Accident (Season 1-2) Multi Audio {Hindi-English-Spanish} WeB-DL 720p [290MB] || 1080p [1.1GB],https://moviesmod.cards/wp-content/uploads/2024/08/Download-The-Accident-S01-Hindi-Dubbed-480p-720p-1080p.jpg,Download The Accident (Season 1-2) Multi Audio {Hindi-English-Spanish} WeB-DL 720p [290MB] || 1080p [1.1GB]
image,8,,,,,Download Sniper: The Last Stand (2025) Dual Audio {Hindi-English} WEB-DL 480p [390MB] || 720p [1GB] || 1080p [2.2GB],https://moviesmod.cards/wp-content/uploads/2025/01/Download-Sniper-The-Last-Stand-MoviesMod.jpg,Download Sniper: The Last Stand (2025) Dual Audio {Hindi-English} WEB-DL 480p [390MB] || 720p [1GB] || 1080p [2.2GB]
image,9,,,,,Download Pro Bono (Season 1) Kdrama [S01E01 Added] {Korean With English Subtitles} WeB-DL 720p [550MB] || 1080p [1.6GB],https://moviesmod.cards/wp-content/uploads/2025/12/Download-Pro-Bono-MoviesMod.jpeg,Download Pro Bono (Season 1) Kdrama [S01E01 Added] {Korean With English Subtitles} WeB-DL 720p [550MB] || 1080p [1.6GB]
image,10,,,,,Download Had I Not Seen the Sun (Season 1-2) Dual Audio (Chinese-English) Msubs Web-DL 720p [500MB] || 1080p [1.2GB],https://moviesmod.cards/wp-content/uploads/2025/11/Download-Had-I-Not-Seen-the-Sun-MoviesMod.jpg,Download Had I Not Seen the Sun (Season 1-2) Dual Audio (Chinese-English) Msubs Web-DL 720p [500MB] || 1080p [1.2GB]
image,11,,,,,Download Surely Tomorrow (Season 1) [S01E01 Added] Kdrama {Korean With Hindi Subtitles} WeB-DL 720p [400MB] || 1080p [1.2GB],https://moviesmod.cards/wp-content/uploads/2025/12/Download-Surely-Tomorrow-MoviesMod.jpeg,Download Surely Tomorrow (Season 1) [S01E01 Added] Kdrama {Korean With Hindi Subtitles} WeB-DL 720p [400MB] || 1080p [1.2GB]
image,12,,,,,Download Typhoon Family (Season 1) Kdrama [S01E16 Added] {Korean With English Subtitles} WeB-DL 720p [550MB] || 1080p [1.6GB],https://moviesmod.cards/wp-content/uploads/2025/10/Download-Typhoon-Family-MoviesMod.jpeg,Download Typhoon Family (Season 1) Kdrama [S01E16 Added] {Korean With English Subtitles} WeB-DL 720p [550MB] || 1080p [1.6GB]
image,13,,,,,Download The Manipulated (Season 1) [S01E12 Added] Dual Audio {Korean-English} Esubs WeB-DL 720p [300MB] || 1080p [1GB],https://moviesmod.cards/wp-content/uploads/2025/11/Download-The-Manipulated-MoviesMod.jpeg,Download The Manipulated (Season 1) [S01E12 Added] Dual Audio {Korean-English} Esubs WeB-DL 720p [300MB] || 1080p [1GB]
image,14,,,,,Download The Dream Life of Mr. Kim (Season 1) Kdrama [S01E12 Added] {Korean With English Subtitles} WeB-DL 720p [500MB] || 1080p [2.5GB],https://moviesmod.cards/wp-content/uploads/2025/11/Download-The-Dream-Life-of-Mr-Kim-MoviesMod.jpeg,Download The Dream Life of Mr. Kim (Season 1) Kdrama [S01E12 Added] {Korean With English Subtitles} WeB-DL 720p [500MB] || 1080p [2.5GB]
image,15,,,,,Download Taxi Driver (Season 1-3) [S03E06 Added] Kdrama {Korean With English Subtitles} WeB-DL 720p [350MB] || 1080p [1.5GB],https://moviesmod.cards/wp-content/uploads/2023/03/taxi-driver-k-drama-Custom.jpg,Download Taxi Driver (Season 1-3) [S03E06 Added] Kdrama {Korean With English Subtitles} WeB-DL 720p [350MB] || 1080p [1.5GB]
image,16,,,,,Download Power Book IV: Force (Season 1-3) [S03E05 Added] (English Audio) Web-Dl 720p [450MB] || 1080p [1.1GB],https://moviesmod.cards/wp-content/uploads/2024/06/Download-Power-Book-IV-Force-MoviesMod.jpg,Download Power Book IV: Force (Season 1-3) [S03E05 Added] (English Audio) Web-Dl 720p [450MB] || 1080p [1.1GB]
image,17,,,,,Download Our Golden Days (Season 1) Kdrama [S01E34 Added] {Korean With English Subtitles} WeB-DL 720p [550MB] || 1080p [1.6GB],https://moviesmod.cards/wp-content/uploads/2025/08/Download-Our-Golden-Days-MoviesMod.jpeg,Download Our Golden Days (Season 1) Kdrama [S01E34 Added] {Korean With English Subtitles} WeB-DL 720p [550MB] || 1080p [1.6GB]
image,18,,,,,Download Moon River (Season 1) Kdrama [S01E10 Added] {Korean With English Subtitles} WeB-DL 720p [350MB] || 1080p [1.2GB],https://moviesmod.cards/wp-content/uploads/2025/11/Download-Moon-River-MoviesMod.jpeg,Download Moon River (Season 1) Kdrama [S01E10 Added] {Korean With English Subtitles} WeB-DL 720p [350MB] || 1080p [1.2GB]
image,19,,,,,Download LOVE.exe (Season 1) Kdrama [S01E16 Added] {Korean With English Subtitles} WeB-DL 720p [350MB] || 1080p [750MB],https://moviesmod.cards/wp-content/uploads/2025/11/Download-LOVEexe-MoviesMod.jpeg,Download LOVE.exe (Season 1) Kdrama [S01E16 Added] {Korean With English Subtitles} WeB-DL 720p [350MB] || 1080p [750MB]
image,20,,,,,Download Last Summer (Season 1) Kdrama [S01E10 Added] {Korean With English Subtitles} WeB-DL 720p [550MB] || 1080p [1.6GB],https://moviesmod.cards/wp-content/uploads/2025/11/Download-Last-Summer-MoviesMod.jpeg,Download Last Summer (Season 1) Kdrama [S01E10 Added] {Korean With English Subtitles} WeB-DL 720p [550MB] || 1080p [1.6GB]
image,21,,,,,Download Don’t Call Me Ma’am (Season 1) Kdrama [S01E08 Added] {Korean With English Subtitles} WeB-DL 720p [450MB] || 1080p [1.2GB],https://moviesmod.cards/wp-content/uploads/2025/11/Download-Dont-Call-Me-Maam-MoviesMod.jpg,Download Don’t Call Me Ma’am (Season 1) Kdrama [S01E08 Added] {Korean With English Subtitles} WeB-DL 720p [450MB] || 1080p [1.2GB]
image,22,,,,,Download Dear X (Season 1) Kdrama [S01E12 Added] {Korean With English Subtitles} WeB-DL 720p [300MB] || 1080p [1.6GB],https://moviesmod.cards/wp-content/uploads/2025/11/Download-Dear-X-MoviesMod-1.jpeg,Download Dear X (Season 1) Kdrama [S01E12 Added] {Korean With English Subtitles} WeB-DL 720p [300MB] || 1080p [1.6GB]
image,23,,,,,Download Tomb Raider: The Legend of Lara Croft (Season 1-2) Dual Audio {Hindi-English} WeB-DL 480p [90MB] || 720p [210MB] || 1080p [1.1GB],https://moviesmod.cards/wp-content/uploads/2024/10/Download-Tomb-Raider-The-Legend-of-Lara-Croft-S01-Hindi-Dubbed-480p-720p-1080p.jpg,Download Tomb Raider: The Legend of Lara Croft (Season 1-2) Dual Audio {Hindi-English} WeB-DL 480p [90MB] || 720p [210MB] || 1080p [1.1GB]
image,24,,,,,Download Rob Peace (2024) Dual Audio {Hindi-English} WEB-DL 480p [450MB] || 720p [1.1GB] || 1080p [2.6GB],https://moviesmod.cards/wp-content/uploads/2025/12/Rob-Peace-2024-MoviesMod.cards_.jpg,Download Rob Peace (2024) Dual Audio {Hindi-English} WEB-DL 480p [450MB] || 720p [1.1GB] || 1080p [2.6GB]
